smiles,label,pred,sub_name
O=[N+]([O-])c1cccc(Cl)c1,-2.7699999809265137,-2.737454414367676,noname
CCC(C)O,-2.799999952316284,-2.5939581394195557,noname
COc1ccc(NC(=O)N(C)C)cc1Cl,-4.03000020980835,-3.9329707622528076,noname
CCC=O,0.07000000029802322,0.24359765648841858,noname
O=C(Nc1ccccc1)c1ccccc1I,-4.210000038146973,-4.6968994140625,noname
CC(C)C(=O)C(C)C,-5.159999847412109,-4.578454494476318,noname
CC(C)I,-1.7419999837875366,-1.389590859413147,noname
c1ccc2c(c1)c1cccc3ccc4cccc2c4c31,-5.190000057220459,-5.9393205642700195,noname
CCC(C)C(C)C,0.30000001192092896,0.474727064371109,noname
Cc1cc2ccccc2c2ccc3ccccc3c12,-6.590000152587891,-7.49122953414917,noname
CC(=O)Nc1ccc(Br)cc1,-3.0829999446868896,-2.8154125213623047,noname
Clc1ccc2ccccc2c1,-4.139999866485596,-4.865994930267334,noname
CCC,-1.940000057220459,-1.715093731880188,noname
CNC(=O)Oc1cccc2ccccc12,-4.113999843597412,-4.157093048095703,noname
CC1CCC(C)CC1,-4.46999979019165,-4.960042476654053,noname
CCCCC(C)(O)CC,-1.600000023841858,-1.3370344638824463,noname
C=C(Cl)CSC(=S)N(CC)CC,-3.3499999046325684,-4.343538284301758,noname
CCNc1nc(Cl)nc(NC(C)(C)C#N)n1,-4.925000190734863,-4.769184112548828,noname
Cc1ccc2c(ccc3c4c5c(cccc5cc32)CC4)c1,-4.314000129699707,-4.1001763343811035,noname
CC12CCC(CC1=O)C2(C)C,-1.9600000381469727,-1.6247246265411377,noname
c1cc2c3c(c4ccc5ccccc5c4cc3c1)CC2,-7.849999904632568,-8.211736679077148,noname
CCC(C)(C)CC,-3.246000051498413,-3.639521837234497,noname
CCNc1nc(Cl)nc(N(CC)CC)n1,-4.059999942779541,-4.02471399307251,noname
Nc1ccc2cc3ccccc3cc2c1,-5.170000076293945,-5.687371253967285,noname
C=CC1(C)OC(=O)N(c2cc(Cl)cc(Cl)c2)C1=O,-7.820000171661377,-8.423853874206543,noname
CC(=O)C(C)(C)C,-0.7200000286102295,-0.028486579656600952,noname
CCCCc1c(C)nc(N(C)C)nc1O,-2.240000009536743,-2.6703484058380127,noname
CC(C)CCCCCOC(=O)c1ccccc1C(=O)OCCCCCC(C)C,-4.460000038146973,-4.768923282623291,noname
COP(=S)(OC)Oc1ccc(SC)c(C)c1,-4.570000171661377,-4.271492004394531,noname
c1ccc2c(c1)sc1ccccc12,-4.380000114440918,-5.354672908782959,noname
Oc1c(Cl)cc(Cl)c(Cl)c1Cl,-3.930000066757202,-3.573854923248291,noname
CCOP(=S)(OCC)Oc1nc(Cl)c(Cl)cc1Cl,-5.670000076293945,-5.082425117492676,noname
Clc1ccc(-c2ccc(Cl)c(Cl)c2Cl)c(Cl)c1,-7.800000190734863,-7.720963001251221,noname
c1ccc2scnc2c1,-1.5,-1.4841952323913574,noname
COc1ccc(C(O)(c2cncnc2)C2CC2)cc1,-2.5959999561309814,-2.5042362213134766,noname
c1ccc2c(c1)oc1ccccc12,-4.599999904632568,-4.861185550689697,noname
Nc1cccc([N+](=O)[O-])c1,-2.190000057220459,-1.9425137042999268,noname
CC(C)C(C)(C)C,-3.4509999752044678,-3.7581021785736084,noname
C#CC1(OC(C)=O)CCC2C3CCC4=CC(=O)CCC4C3CCC21C,0.9399999976158142,1.2671531438827515,noname
CC(C)CC(C)(C)C,-4.739999771118164,-4.66890287399292,noname
Fc1ccc(F)cc1,-3.380000114440918,-3.0544626712799072,noname
CCCCCC(C)C,-5.079999923706055,-4.988722324371338,noname
CC(Cl)CCl,-0.9200000166893005,-0.3570953905582428,noname
CN(C)C(=O)Nc1ccc(Cl)cc1,-2.890000104904175,-2.696057081222534,noname
Cc1c(F)c(F)c(COC(=O)C2C(C=C(Cl)C(F)(F)F)C2(C)C)c(F)c1F,-7.321000099182129,-7.799245357513428,noname
Oc1ccc(Cl)cc1,-0.699999988079071,-0.7465454339981079,noname
Cc1cccc(N)c1,-0.8500000238418579,-0.8152848482131958,noname
Clc1ccc(-c2cccc(Cl)c2Cl)cc1,-6.289999961853027,-6.502598285675049,noname
C=CC(O)CCC,-4.743000030517578,-4.381875991821289,noname
Cc1ccc2c(c1)Oc1ncc(N)cc1C(=O)N2C,-3.0429999828338623,-3.8545186519622803,noname
CCOC(N)=O,0.8500000238418579,0.6246030330657959,noname
Fc1cccc(Br)c1,-2.6700000762939453,-3.3393192291259766,noname
CC(C)c1ccc(NC(=O)N(C)C)cc1,-3.5360000133514404,-3.452355146408081,noname
CCOP(=S)(OCC)SCSC(C)(C)C,-4.755000114440918,-4.749318599700928,noname
CCCBr,-1.7300000190734863,-1.8406505584716797,noname
COc1cnc2cncnc2n1,-1.850000023841858,-1.8368399143218994,noname
CCCC(=O)OCC,-1.3600000143051147,-0.945754885673523,noname
Cc1ccc(C)c(C)c1,-3.309999942779541,-3.270153284072876,noname
c1ccc2[nH]nnc2c1,-0.7799999713897705,-0.9060502052307129,noname
CCCCNC(=O)n1c(NC(=O)OC)nc2ccccc21,-5.059999942779541,-4.995768070220947,noname
CCCCCCCCCO,-3.009999990463257,-3.107034206390381,noname
Oc1c(Cl)c(Cl)c(Cl)c(Cl)c1Cl,-4.28000020980835,-4.838609218597412,noname
CC12CCC3c4ccc(O)cc4CCC3C1CCC2=O,-3.9549999237060547,-4.079601287841797,noname
Clc1cccc(Cl)c1Cl,-4.0,-4.178292751312256,noname
c1ccc2c(c1)-c1cccc3c1c-2cc1ccccc13,-8.229999542236328,-8.237985610961914,noname
Nc1cccc2ccccc12,-1.9199999570846558,-2.702754497528076,noname
CC(C)CO,-2.5999999046325684,-2.581239938735962,noname
CCCCCCCCCCCCCCCCCCO,-3.5399999618530273,-4.122550010681152,noname
CCNP(=S)(OC)OC(C)=CC(=O)OC(C)C,-3.4079999923706055,-3.0312130451202393,noname
Cc1c(C)c2c3ccccc3ccc2c2ccccc12,-5.381999969482422,-5.5303850173950195,noname
COc1ccc(C=O)cc1,-5.210000038146973,-5.769338607788086,noname
CCCC(C)=O,-0.1899999976158142,0.21481481194496155,noname
Nc1cccc(Cl)c1,-1.3700000047683716,-1.4000320434570312,noname
CCCC(C)O,-0.28999999165534973,-0.04399332404136658,noname
Cc1cccc2c(C)cccc12,-4.678999900817871,-4.691420555114746,noname
Nc1nc[nH]n1,0.5220000147819519,0.5331809520721436,noname
CCOP(=S)(OCC)Oc1ccc2oc(=O)c(Cl)c(C)c2c1,-0.8299999833106995,-0.6991179585456848,noname
C=CC,-3.609999895095825,-3.7941854000091553,noname
CCC(C)C,0.10599999874830246,0.33903875946998596,noname
Cc1ccccc1[N+](=O)[O-],-2.3299999237060547,-2.028858184814453,noname
O=C1NC(=O)C2(CCC2)C(=O)N1,-1.6549999713897705,-1.9541360139846802,noname
CSCS(=O)CC(CO)NC(=O)C=Cc1c(C)[nH]c(=O)[nH]c1=O,-1.9809999465942383,-2.4750702381134033,noname
C=C(C)CC,-2.7300000190734863,-2.2850213050842285,noname
O=C1NC(=O)C(=O)N1,-2.2809998989105225,-2.3777332305908203,noname
Clc1ccc(C(c2ccc(Cl)cc2)C(Cl)(Cl)Cl)cc1,-3.0399999618530273,-3.1950693130493164,noname
CCCCCCCC(=O)OC,-3.1700000762939453,-2.4406015872955322,noname
Cc1ccc(C(C)C)cc1O,-2.0799999237060547,-2.434556245803833,noname
CNC(=O)Oc1cc(C)cc(C)c1,0.6100000143051147,-0.027221351861953735,noname
Clc1ccc(Cl)cc1,-3.2699999809265137,-3.1666553020477295,noname
O=C1CNC(=O)N1,-8.039999961853027,-7.00414514541626,noname
Brc1ccc(Br)cc1,-4.070000171661377,-4.090216636657715,noname
Oc1ccc(Cl)cc1Cc1cc(Cl)ccc1O,-2.4609999656677246,-2.5630977153778076,noname
CCOP(=O)(OCC)OCC,-5.400000095367432,-4.914039134979248,noname
CC(=O)OCC(=O)C1(O)CCC2C3CCC4=CC(=O)CCC4(C)C3C(=O)CC21C,-4.210000038146973,-3.6187829971313477,noname
CCOC(=O)CC(SP(=S)(OC)OC)C(=O)OCC,-3.369999885559082,-3.3451552391052246,noname
COC(=O)Nc1nc2ccc(C(=O)c3ccccc3)cc2[nH]1,-2.5799999237060547,-2.1687331199645996,noname
c1ccc2c(c1)c1ccccc1c1ccccc21,-3.1500000953674316,-3.935070276260376,noname
c1ccc2[nH]ccc2c1,-2.680000066757202,-2.5821475982666016,noname
CCc1cccc2ccccc12,-4.170000076293945,-4.58141565322876,noname
NC(=O)NC1NC(=O)NC1=O,-1.600000023841858,-1.475584626197815,noname
CNC(=O)Oc1ccccc1,-1.8029999732971191,-1.0052911043167114,noname
Cc1ccc([N+](=O)[O-])cc1,-0.23999999463558197,0.01924857497215271,noname
O=[N+]([O-])c1cccc(Cl)c1Cl,-3.4800000190734863,-3.699204206466675,noname
CC(=O)N(C)C,1.1100000143051147,1.2834793329238892,noname
CN(C)C(=O)N(C)C,-2.740000009536743,-2.3544270992279053,noname
ClC(Cl)Br,-1.5399999618530273,-1.189073085784912,noname
CC(C)(C)C(=O)C(Oc1ccc(Cl)cc1)n1cncn1,-3.927999973297119,-4.415677547454834,noname
NS(=O)(=O)c1cc2c(cc1C(F)(F)F)NC(Cc1ccccc1)NS2(=O)=O,-0.46000000834465027,0.021003395318984985,noname
CCC1(C2=CCC3CCC2C3)C(=O)NC(=O)NC1=O,-2.696000099182129,-2.619054079055786,noname
Oc1ccc(Br)cc1,-1.090000033378601,-1.339840054512024,noname
c1ccc2ncccc2c1,-1.2999999523162842,-1.428513765335083,noname
CCCC(C)(COC(N)=O)COC(N)=O,-1.8070000410079956,-1.5890092849731445,noname
CC(C)CNC(=O)N1CCNC1=O,-2.1500000953674316,-2.4328062534332275,noname
CCCOCCC,-1.5199999809265137,-0.9116535186767578,noname
O=C1C2CC=CCC2C(=O)N1SC(Cl)(Cl)C(Cl)Cl,-5.400000095367432,-5.084043025970459,noname
ClCC(Cl)Cl,-1.4800000190734863,-1.1845083236694336,noname
Clc1cc(Cl)cc(Cl)c1,-4.480000019073486,-4.56920051574707,noname
Cc1c[nH]c2ccccc12,-2.4200000762939453,-1.9893304109573364,noname
CC(O)C(C)(C)C,-0.6200000047683716,-0.06258314847946167,noname
Cc1ccc(N=CN(C)C=Nc2ccc(C)cc2C)c(C)c1,-5.46999979019165,-5.850907802581787,noname
Cc1c(N(C)C)c(=O)n(-c2ccccc2)n1C,-4.882999897003174,-3.8962807655334473,noname
Brc1ccc(Br)c(Br)c1,-4.5,-5.534120559692383,noname
CCOC(=O)CC(=O)OCC,-0.8199999928474426,-0.8117436766624451,noname
N#Cc1c(Cl)c(Cl)c(Cl)c(C#N)c1Cl,-5.639999866485596,-5.772495746612549,noname
CCCN(CCC)c1c([N+](=O)[O-])cc(C(C)C)cc1[N+](=O)[O-],-6.489999771118164,-6.097989082336426,noname
C#C,-3.2239999771118164,-3.06227970123291,noname
c1ccncc1,0.7599999904632568,1.3004266023635864,noname
CCN(CC)c1c([N+](=O)[O-])cc(C(F)(F)F)c(N)c1[N+](=O)[O-],-5.46999979019165,-5.521998882293701,noname
CC12CCC(=O)C=C1CCC1C2C(O)CC2(C=O)C(C(=O)CO)CCC12,-3.8499999046325684,-3.4003632068634033,noname
CCCCC1(CC)C(=O)NC(=O)NC1=O,-1.6610000133514404,-2.4031808376312256,noname
OCc1ccccc1,-0.4000000059604645,-0.06978228688240051,noname
CCCCCCC(C)=O,-2.069999933242798,-2.3328421115875244,noname
COc1c2occc2c(OC)c2c(=O)cc(C)oc12,-2.130000114440918,-2.02710223197937,noname
CCCCCCBr,-3.809999942779541,-3.897038459777832,noname
C=CCCC=C,-4.880000114440918,-4.900976657867432,noname
CCC(=C(CC)c1ccc(O)cc1)c1ccc(O)cc1,-4.070000171661377,-4.129326820373535,noname
C=CCC,-1.940000057220459,-1.9299806356430054,noname
CCCCCCCBr,-4.429999828338623,-4.415577411651611,noname
CCOP(=S)(NC(C)C)Oc1ccccc1C(=O)OC(C)C,-4.193999767303467,-4.626288890838623,noname
FC(F)(F)c1ccccc1,-2.509999990463257,-2.594823122024536,noname
CCN1c2ncccc2C(=O)N(C)c2ccc(Cl)nc21,-3.380000114440918,-3.4148356914520264,noname
CCOC(=O)CC,-5.190000057220459,-5.486445903778076,noname
Clc1c(Cl)c(Cl)c(-c2c(Cl)c(Cl)c(Cl)c(Cl)c2Cl)c(Cl)c1Cl,-11.600000381469727,-10.86171817779541,noname
Cc1ccc(Br)cc1,-0.8500000238418579,-0.6068471074104309,noname
CCN1c2ncccc2C(=S)N(C)c2cccnc21,-4.159999847412109,-3.7393031120300293,noname
COc1ncc2nccnc2n1,-1.1100000143051147,-1.573231816291809,noname
CCCCCC=O,-1.2999999523162842,-1.0850462913513184,noname
CCCCCO,-0.6000000238418579,-0.432855486869812,noname
CCCCSP(=O)(SCCCC)SCCCC,-5.139999866485596,-4.990763187408447,noname
CCCCCCCl,-3.119999885559082,-3.6911139488220215,noname
CC1CCCC1,1.0199999809265137,0.934127926826477,noname
CCCC(C)C1(CC)C(=O)NC(=O)NC1=O,-2.390000104904175,-2.4447107315063477,noname
Clc1cccc(I)c1,-3.549999952316284,-3.9546566009521484,noname
CC1(C)C(C=C(Cl)Cl)C1C(=O)OC(C#N)c1ccc(F)c(Oc2ccccc2)c1,-7.336999893188477,-7.95200252532959,noname
CCC(O)(CC)CC,-0.17000000178813934,-0.5798687934875488,noname
BrC(Br)Br,-1.909999966621399,-1.9191097021102905,noname
CCOC(=O)Nc1cccc(OC(=O)Nc2ccccc2)c1,-1.0800000429153442,-1.0478404760360718,noname
N#Cc1cc(I)c(O)c(I)c1,-3.609999895095825,-3.7721431255340576,noname
CCc1cccc(C)c1N(C(=O)CCl)C(C)COC,-2.7300000190734863,-2.6918559074401855,noname
CCCCOC(=O)c1ccc(N)cc1,-3.0820000171661377,-2.9384191036224365,noname
CC12CCC3c4ccc(O)cc4CCC3C1CCC2O,-5.03000020980835,-4.4510111808776855,noname
Oc1cccc(O)c1,0.8100000023841858,0.08161371946334839,noname
CCCCC(C)(C)O,-1.1100000143051147,-0.7263792157173157,noname
C#CC1(O)CCC2C3CCC4=CC(=O)CCC4(C)C3CCC21C,-5.659999847412109,-4.420936107635498,noname
CCC1(C2=CCCCC2)C(=O)NC(=O)NC1=O,-2.1700000762939453,-2.503077745437622,noname
CCCCCCCCCCCCCCCCCCCC,-3.619999885559082,-3.5157814025878906,noname
N#CCCl,-0.09200000017881393,0.2949252426624298,noname
ClCCl,-0.6299999952316284,-0.17956842482089996,noname
Cc1ccc2c(c1)C(=O)N(C)c1cc(N)ccc1O2,-3.299999952316284,-3.746809720993042,noname
CCNc1nc(Cl)nc(NC(C)C)n1,-3.8499999046325684,-3.9751198291778564,noname
c1ccc2c(c1)cc1ccc3cccc4ccc2c1c34,-8.699000358581543,-8.471586227416992,noname
C=CCCCO,-0.15000000596046448,0.12645360827445984,noname
Oc1ccc2ccccc2c1,-2.2799999713897705,-2.3580236434936523,noname
ClC1C(Cl)C(Cl)C(Cl)C(Cl)C1Cl,-4.639999866485596,-5.342649936676025,noname
C=CCC1(C(C)CCC)C(=O)NC(=O)NC1=O,-2.3559999465942383,-2.413635492324829,noname
O=c1[nH]cnc2nc[nH]c12,-2.2960000038146973,-2.333667755126953,noname
Cc1cc2nc3c(=O)[nH]c(=O)nc-3n(CC(O)C(O)C(O)CO)c2cc1C,-3.684999942779541,-3.186145544052124,noname
CCCCCCCCOC(=O)c1ccccc1C(=O)OCCCCCCCC,-3.4000000953674316,-3.509909152984619,noname
CC(C)(C)CCO,-0.5,-0.2445719689130783,noname
C=COCC,-0.8500000238418579,-0.4188879132270813,noname
FC(F)(F)C(Cl)Br,-2.380000114440918,-2.342212200164795,noname
C1CCOC1,0.49000000953674316,0.11784672737121582,noname
CCCCC1C(=O)N(c2ccccc2)N(c2ccccc2)C1=O,-3.809999942779541,-4.166207313537598,noname
OCC(O)C1OC2OC(C(Cl)(Cl)Cl)OC2C1O,-1.840000033378601,-0.5258811712265015,noname
O=C1C(O)=C(C2CCC(c3ccc(Cl)cc3)CC2)C(=O)c2ccccc21,-5.931000232696533,-5.766312599182129,noname
CC(=O)CC(c1ccc(Cl)cc1)c1c(O)c2ccccc2oc1=O,-5.839000225067139,-4.086162567138672,noname
c1ccc2[nH]ncc2c1,-1.0299999713897705,-1.2917238473892212,noname
Cc1ccccc1N,-2.2100000381469727,-0.7754579782485962,noname
CCCCC(O)CC,-3.190000057220459,-3.3695225715637207,noname
C=CCCCCC,-3.7300000190734863,-3.783008337020874,noname
CCOC(C)=O,-0.03999999910593033,0.3624313175678253,noname
CCC(C)(C)C,-8.9399995803833,-8.9579496383667,noname
COc1ccc2ccc(=O)oc2c1CC=C(C)C,-3.009999990463257,-2.9783525466918945,noname
Cc1cc(C)c(C)cc1C,0.3199999928474426,0.7131515741348267,noname
CC=C(C)C,-2.559999942779541,-2.3248424530029297,noname
C=CCl,-1.75,-0.8623253107070923,noname
CCOc1ccc(NC(C)=O)cc1,-2.3499999046325684,-2.6682963371276855,noname
CC12C=CC(=O)C=C1CCC1C2C(O)CC2(C)C1CCC2(O)C(=O)CO,-3.180000066757202,-3.640220880508423,noname
O=[N+]([O-])c1ccc([N+](=O)[O-])cc1,-3.390000104904175,-2.8767080307006836,noname
CCC1(CC)C(=O)NC(=O)N(C)C1=O,-2.2300000190734863,-2.2526211738586426,noname
Cc1ccccc1Br,-2.2300000190734863,-2.9396979808807373,noname
CCCCCCCCCC(=O)OC,-4.690000057220459,-3.6783289909362793,noname
CCCCCCCCC(C)=O,-3.299999952316284,-2.8037819862365723,noname
CCCCCCc1ccc(O)cc1O,-0.4000000059604645,0.1253882348537445,noname
CCOC(=O)c1ccc(O)cc1,-2.3499999046325684,-2.11275577545166,noname
CCCCCCCCl,-4.0,-4.250389575958252,noname
c1ccc(Cc2ccccc2)cc1,-0.699999988079071,-0.30401524901390076,noname
Cc1cccc(C)c1,-2.819999933242798,-2.777937650680542,noname
CCCC(C)(C)CO,-1.5199999809265137,-1.0349540710449219,noname
BrCBr,-1.1699999570846558,-0.8027992248535156,noname
CC12CCc3c(ccc4cc(O)ccc34)C1CCC2=O,-5.239999771118164,-4.334483623504639,noname
CC(C)C,-2.549999952316284,-2.3732590675354004,noname
Clc1ccc(-c2c(Cl)ccc(Cl)c2Cl)c(Cl)c1,-7.429999828338623,-7.68566370010376,noname
Nc1ccc([N+](=O)[O-])cc1,-2.369999885559082,-2.0231692790985107,noname
CC(C)C(C)C(C)C,-4.800000190734863,-5.125523567199707,noname
CCNc1nc(NC(C)(C)C)nc(OC)n1,-5.61299991607666,-4.403489589691162,noname
CCCCCC(O)CC,-4.079999923706055,-4.102302551269531,noname
CCCC1COC(Cn2cncn2)(c2ccc(Cl)cc2Cl)O1,-3.493000030517578,-3.582448720932007,noname
Brc1ccccc1,-2.549999952316284,-2.680718421936035,noname
CCOc1ccc(C(C)(C)COCc2cccc(Oc3ccccc3)c2)cc1,-8.600000381469727,-7.796807289123535,noname
ClC(Cl)=C(c1ccc(Cl)cc1)c1ccc(Cl)cc1,-6.900000095367432,-7.257095813751221,noname
c1ccc2c(c1)[nH]c1ccccc12,-0.6200000047683716,-0.09667366743087769,noname
CCC(O)CC,-0.36399999260902405,-0.2963237762451172,noname
CNC(=O)C(C)SCCSP(=O)(OC)OC,-3.630000114440918,-3.8862392902374268,noname
c1ccc2ccccc2c1,-3.5999999046325684,-3.5484611988067627,noname
CCCCOC(=O)c1ccccc1C(=O)OCCCC,-4.400000095367432,-4.415606498718262,noname
Cc1ccc(S(N)(=O)=O)cc1,-1.7400000095367432,-1.1886115074157715,noname
Cn1c(=O)on(-c2ccc(Cl)c(Cl)c2)c1=O,-2.819999933242798,-2.6793053150177,noname
CN(C)C(=O)SCCCCOc1ccccc1,-3.927000045776367,-3.055854082107544,noname
CCN1c2nc(N(C)CCO)ccc2NC(=O)c2cccnc21,-4.800000190734863,-5.104001522064209,noname
CCc1ccccc1,-1.0800000429153442,-0.7045971155166626,noname
ClC1=C(Cl)C2(Cl)C3C(Cl)C(Cl)CC3C1(Cl)C2(Cl)Cl,-2.119999885559082,-1.8926631212234497,noname
ClC(Cl)=C(Cl)C(Cl)=C(Cl)Cl,-4.920000076293945,-4.672550678253174,noname
CCOP(=S)(OCC)SCCSCC,-2.4600000381469727,-1.7649688720703125,noname
CC1OC(OC2C(O)CC(OC3C(O)CC(OC4CCC5(C)C(CCC6C5CCC5(C)C(C7=CC(=O)OC7)CCC65O)C4)OC3C)OC2C)CC(O)C1O,-5.293000221252441,-5.503273010253906,noname
CCC(C=O)CC,-8.0,-8.215563774108887,noname
ClC(Br)Br,-1.899999976158142,-1.5410358905792236,noname
CC12C=CC(=O)C=C1CCC1C3CC(O)C(O)(C(=O)CO)C3(C)CC(O)C12F,-3.680000066757202,-3.8732986450195312,noname
CCC(=O)CC,-7.800000190734863,-8.324938774108887,noname
CC12CC(=O)C3C(CCC4=CC(=O)CCC43C)C1CCC2=O,-3.4800000190734863,-3.1110689640045166,noname
C1CCC2CCCCC2C1,-1.9199999570846558,-1.6012146472930908,noname
Clc1cc(Cl)c(Cl)cc1Cl,-5.559999942779541,-5.4871745109558105,noname
Cc1nc(N(C)C)nc(OC(=O)N(C)C)c1C,-1.9500000476837158,-2.039294719696045,noname
C=Cc1ccccc1,-2.4800000190734863,-2.4320671558380127,noname
CCc1ccccc1C,-3.2100000381469727,-2.996248960494995,noname
CC1CO1,-0.5899999737739563,0.5239001512527466,noname
O=C(c1ccccc1)C(O)c1ccccc1,-2.8499999046325684,-2.6053249835968018,noname
CCCOCC,-0.6600000262260437,-0.3485170602798462,noname
CCCCC(C)=O,0.15000000596046448,0.6541793346405029,noname
CC1(C)C(C(=O)OC(C#N)c2cccc(Oc3ccccc3)c2)C1(C)C,-2.6470000743865967,-2.7007100582122803,noname
CCC(Br)(CC)C(=O)NC(N)=O,-2.680000066757202,-2.216744899749756,noname
CCOP(=S)(OCC)Oc1ccc(S(C)=O)cc1,-2.299999952316284,-3.0210964679718018,noname
NC(=O)NCc1ccccc1,-0.949999988079071,-0.9709264039993286,noname
CCC1(CC)C(=O)NC(=O)NC1=O,-2.4000000953674316,-2.1423606872558594,noname
CON(C)C(=O)Nc1ccc(Cl)c(Cl)c1,-3.5920000076293945,-3.487210512161255,noname
CC(C)CCl,-2.319999933242798,-2.0347068309783936,noname
COP(=S)(OC)Oc1cc(Cl)c(Br)cc1Cl,-6.679999828338623,-6.790977954864502,noname
c1ccc2c(c1)-c1cccc3cccc-2c13,-6.0,-6.7864813804626465,noname
Cc1cccc(C)c1NC(=O)c1cc(S(N)(=O)=O)c(Cl)cc1O,-3.2300000190734863,-3.114790678024292,noname
CC1OC(OC2C(O)CC(OC3C(O)CC(OC4CCC5(C)C(CCC6C5CC(O)C5(C)C(C7=CC(=O)OC7)CCC65O)C4)OC3C)OC2C)CC(O)C1O,-4.080999851226807,-5.318196773529053,noname
Cc1cc(C)c(C)c(C)c1C,-4.0,-3.912853717803955,noname
C=CCCCCCCC,-5.050000190734863,-4.927844524383545,noname
Oc1cccc2cccnc12,-2.4200000762939453,-1.5900007486343384,noname
Oc1ccc(Cl)c(Cl)c1Cl,-2.6700000762939453,-2.6284854412078857,noname
ClC(Cl)C(Cl)Cl,-1.7400000095367432,-1.8630930185317993,noname
OC(c1ccccc1)C(O)c1ccccc1,-1.9299999475479126,-1.749875545501709,noname
C1=CCCCC1,-2.5899999141693115,-2.875919818878174,noname
C=CCCCCCCCC,-5.510000228881836,-5.440832614898682,noname
Cn1c(=O)c2[nH]cnc2n(C)c1=O,-1.3899999856948853,-1.2355844974517822,noname
COc1cc2c(N)nc(N3CCN(C(=O)OCC(C)(C)O)CC3)nc2c(OC)c1OC,-3.638000011444092,-3.96064829826355,noname
CC(=O)OCCC(C)C,-1.9199999570846558,-1.1259862184524536,noname
CN(C)C(=O)OC1=CC(=O)CC(C)(C)C1,-3.059999942779541,-2.3129215240478516,noname
CC(=O)c1ccccc1,-1.5199999809265137,-0.9296985864639282,noname
OC1CCCCC1,-0.4399999976158142,-0.5415998697280884,noname
Oc1cc(Cl)cc(Cl)c1Cl,-2.6700000762939453,-2.6757445335388184,noname
CC(=O)OCC(=O)C1(O)C(OC(C)=O)CC2C3CCC4=CC(=O)C=CC4(C)C3(F)C(O)CC21C,-4.130000114440918,-4.378608226776123,noname
Nc1nccs1,-0.36000001430511475,0.3315834105014801,noname
CC12CCC3c4ccc(O)cc4CCC3C1CC(O)C2O,-0.17000000178813934,-0.028931885957717896,noname
C,-4.659999847412109,-4.557796001434326,noname
CCC(C)c1cc([N+](=O)[O-])cc([N+](=O)[O-])c1O,-3.380000114440918,-3.8312878608703613,noname
CCCC1C(=O)N2C(N(C)C)=Nc3ccc(C)cc3N2C1=O,-3.5380001068115234,-3.7721309661865234,noname
CC12CCC(=O)C=C1CCC1C2C(O)CC2(C)C(C(=O)CO)CCC12,-6.63700008392334,-5.931179046630859,noname
CC1(C)C2CCC1(C)C(O)C2,-2.319999933242798,-2.080915927886963,noname
Cc1c(N)c(=O)n(-c2ccccc2)n1C,-0.6240000128746033,-0.32151100039482117,noname
c1cnc2ncncc2n1,-2.2200000286102295,-2.4051527976989746,noname
CCCCCC(C)O,-1.5499999523162842,-1.0664677619934082,noname
O=C1NC(=O)C(O)(C2(O)C(=O)NC(=O)NC2=O)C(=O)N1,-1.9900000095367432,-2.4844441413879395,noname
O=[N+]([O-])c1cccc(O)c1,-1.0099999904632568,-1.0527507066726685,noname
CC(=O)OCN1C(=O)NC(c2ccccc2)(c2ccccc2)C1=O,-4.46999979019165,-4.67263126373291,noname
CN1C(=O)c2cccnc2Oc2ccccc21,-3.671999931335449,-3.053008794784546,noname
c1ccc2cnccc2c1,-1.4500000476837158,-1.372636079788208,noname
c1ccnnc1,1.100000023841858,1.5074739456176758,noname
O=C(OCC(O)CO)c1ccccc1Nc1ccnc2cc(Cl)ccc12,-4.571000099182129,-4.085261821746826,noname
COC(=O)Nc1cccc(OC(=O)Nc2cccc(C)c2)c1,-4.804999828338623,-4.381650447845459,noname
O=c1oc2ccccc2c(O)c1C(CC(O)c1ccc(-c2ccc(Br)cc2)cc1)c1ccccc1,-3.4010000228881836,-3.1892592906951904,noname
O=C1NC(=O)C2(CCCCCC2)C(=O)N1,-0.9200000166893005,-0.4925880432128906,noname
C=C(C)C(=C)C,-2.4000000953674316,-2.290457010269165,noname
Clc1ccc(-c2c(Cl)cc(Cl)c(Cl)c2Cl)c(Cl)c1Cl,-1.2100000381469727,-0.6435360908508301,noname
COP(=S)(OC)Oc1ccc([N+](=O)[O-])cc1Cl,-4.309999942779541,-4.46184778213501,noname
CCOCC,-3.190000057220459,-3.1594443321228027,noname
CCC1(c2ccccc2)C(=O)NC(=O)NC1=O,-2.322000026702881,-2.498753070831299,noname
Cc1cc(C)cc(O)c1,0.6399999856948853,0.7871359586715698,noname
Clc1cccc(-c2cc(Cl)ccc2Cl)c1,-6.010000228881836,-6.655084609985352,noname
CN(C)C(=O)C(c1ccccc1)c1ccccc1,-2.9800000190734863,-3.365496873855591,noname
O=CNC(N1C=CN(C(NC=O)C(Cl)(Cl)Cl)C=C1)C(Cl)(Cl)Cl,-4.190000057220459,-4.48560905456543,noname
CCOP(=S)(OCC)ON=C(C#N)c1ccccc1,-4.861999988555908,-3.9716532230377197,noname
c1ccc2c(c1)ccc1ccccc12,-5.260000228881836,-5.826253890991211,noname
CC(C)[N+](=O)[O-],-5.639999866485596,-6.097850799560547,noname
O=C(NC(CO)C(O)c1ccc([N+](=O)[O-])cc1)C(Cl)Cl,0.3499999940395355,0.7642611265182495,noname
CCCCCC(=O)OC,-1.8700000047683716,-1.3657952547073364,noname
ClC1=C(Cl)C2(Cl)C3CC=CC3C1(Cl)C2(Cl)Cl,-0.9100000262260437,-1.20420241355896,noname
NC(=O)c1ccccc1O,-1.8200000524520874,-0.7631131410598755,noname
CCc1ccc(CC)cc1,-3.75,-3.7352306842803955,noname
COP(=O)(OC)C(O)C(Cl)(Cl)Cl,-0.2199999988079071,0.5196943283081055,noname
CCCCI,-2.9600000381469727,-2.8082470893859863,noname
CCCCOCCO,-0.41999998688697815,0.21788790822029114,noname
CC12CCC3C(CCC4CC(=O)CCC43C)C1CCC2O,0.46000000834465027,1.083417296409607,noname
C=CCC1(C)C(=O)NC(=O)NC1=O,-1.159999966621399,-1.5205940008163452,noname
Clc1cc(Cl)c(Cl)c(Cl)c1,-4.630000114440918,-5.50315523147583,noname
Cc1ccc2ccc(C)nc2c1,-1.940000057220459,-2.5956428050994873,noname
Clc1ccc(Cl)c(-c2ccc(Cl)c(Cl)c2)c1,-7.25,-7.212538242340088,noname
Cc1ccnc(C)c1,0.3799999952316284,0.45282188057899475,noname
CN(C)C(=O)NC1CCCCCCC1,-5.239999771118164,-6.252639293670654,noname
ClC=C(Cl)Cl,-1.9600000381469727,-1.893437147140503,noname
CSc1nc(NC(C)C)nc(NC(C)C)n1,-0.6600000262260437,-0.28922051191329956,noname
CC(C)Cl,-1.409999966621399,-1.3057515621185303,noname
c1ccccc1,-2.049999952316284,-1.1970487833023071,noname
OCCOc1ccccc1,-1.2280000448226929,-1.6715444326400757,noname
FC(F)(Cl)C(F)(Cl)Cl,-3.0399999618530273,-2.608346462249756,noname
C1=CCCCCC1,-2.2100000381469727,-2.1520252227783203,noname
O=c1ccnc(S)[nH]1,-1.1699999570846558,-0.8939393758773804,noname
Cc1cccc2sc3nncn3c12,-8.399999618530273,-8.751914024353027,noname
Cc1ccc(O)cc1C,-0.8759999871253967,-0.40563032031059265,noname
CCCCCCCCC,-5.880000114440918,-5.4394707679748535,noname
CCCCCCCCCCCCCCCCCCCCCCCCCC,-8.333999633789062,-11.787484169006348,noname
CC1CCCCC1NC(=O)Nc1ccccc1,-4.110000133514404,-3.4916694164276123,noname
c1ccc2c(c1)ccc1c2ccc2c3ccccc3ccc21,-7.869999885559082,-8.665247917175293,noname
O=C1c2ccccc2Cc2ccccc2N1CCF,-2.3399999141693115,-2.6525778770446777,noname
CCOP(=S)(OCC)SCSP(=S)(OCC)OCC,-5.539999961853027,-5.562448978424072,noname
Cc1ccc(C)cc1,-2.7699999809265137,-2.7577970027923584,noname
Clc1ccc(Cl)c(-c2cccc(Cl)c2Cl)c1,-6.46999979019165,-7.07278299331665,noname
C#CCC,-1.2400000095367432,-0.6865516901016235,noname
OC1COC(O)C(O)C1O,0.38999998569488525,0.8426738977432251,noname
CNN,1.340000033378601,1.5467660427093506,noname
C1CCCCCCC1,0.5799999833106995,0.8163819313049316,noname
CCC(CC)CO,-8.17199993133545,-10.03341293334961,noname
Clc1ccc(Cl)c(-c2cc(Cl)c(Cl)c(Cl)c2Cl)c1,-7.679999828338623,-8.377405166625977,noname
CCCCCCCCCCCCCCCCO,-7.0,-7.044803619384766,noname
COc1ccc(Cl)cc1,-2.7799999713897705,-2.8301174640655518,noname
CCCCCCC(C)O,-4.631999969482422,-4.518064022064209,noname
CC12CCC(=O)C=C1CCC1C2CCC2(C)C1CCC2(C)O,-3.999000072479248,-4.276731967926025,noname
O=C(NC(=O)c1c(F)cccc1F)Nc1ccc(Cl)cc1,-6.139999866485596,-6.467505931854248,noname
CCN(CC)C(=O)C(C)Oc1cccc2ccccc12,-3.569999933242798,-3.838799476623535,noname
CCCCCCCCCCCC(=O)OC,-4.300000190734863,-4.670705318450928,noname
O=C1CCC(N2C(=O)c3ccccc3C2=O)C(=O)N1,-1.9700000286102295,-2.7068498134613037,noname
CCCc1ccccc1,-1.8899999856948853,-1.384192943572998,noname
ClC(Cl)(Cl)Cl,-2.309999942779541,-1.6769286394119263,noname
CCN1c2ccccc2N(C)C(=O)c2cccnc21,-3.3239998817443848,-3.873100519180298,noname
CC1(C)C(C=C(Br)Br)C1C(=O)OC(C#N)c1cccc(Oc2ccccc2)c1,-8.402000427246094,-8.23655891418457,noname
CCC(C)=O,0.5199999809265137,0.8997882604598999,noname
C=CCSS(=O)CC=C,-2.5899999141693115,-2.5929527282714844,noname
CC(N)=O,1.5800000429153442,1.2889493703842163,noname
O=c1[nH]cnc2[nH]ncc12,-2.2660000324249268,-2.1609928607940674,noname
O=C1CCCN1,1.0700000524520874,0.34466591477394104,noname
Oc1c(Cl)ccc(Cl)c1Cl,-5.840000152587891,-6.047203063964844,noname
CCCCCBr,-8.600000381469727,-7.691300392150879,noname
Nc1ncnc2nc[nH]c12,-2.119999885559082,-1.9114018678665161,noname
C#CC(C)N(C)C(=O)Nc1ccc(Cl)cc1,-4.099999904632568,-3.9266865253448486,noname
CC1=CCCCC1,-5.914999961853027,-6.178716659545898,noname
CN(C(=O)NC(C)(C)c1ccccc1)c1ccccc1,-3.3499999046325684,-3.921982765197754,noname
Nc1nc2[nH]cnc2c(=O)[nH]1,-4.309999942779541,-4.563206195831299,noname
Nc1ccccc1Cl,-1.5199999809265137,-1.1218912601470947,noname
Nc1ncnc2c1ccn2C1OC(CO)C(O)C1O,-1.9500000476837158,-1.8868911266326904,noname
CC12CC1(C)C(=O)N(c1cc(Cl)cc(Cl)c1)C2=O,-4.800000190734863,-4.856993675231934,noname
c1ccc(NNc2ccccc2)cc1,-3.119999885559082,-3.349303960800171,noname
CCc1ccc(C)cc1,-3.109999895095825,-3.3102729320526123,noname
CC(C)(C)c1ccccc1,-3.6600000858306885,-3.624016761779785,noname
CCCCC(=O)OC1(C(=O)CO)C(C)CC2C3CCC4=CC(=O)C=CC4(C)C3(F)C(O)CC21C,-7.010000228881836,-7.5846428871154785,noname
O=C1NC(=O)C2C3C(C(O)(c4ccccc4)c4ccccn4)=CC(C3=C(c3ccccc3)c3ccccn3)C12,-0.5899999737739563,-0.5124371647834778,noname
ClC(Cl)(Cl)C(Cl)(Cl)Cl,-3.6700000762939453,-3.2207202911376953,noname
CCC(O)C(C)C,-0.699999988079071,-0.5973241329193115,noname
CC(C)NC(=O)N1CC(=O)N(c2cc(Cl)cc(Cl)c2)C1=O,-0.09000000357627869,0.234501451253891,noname
O=C(Nc1ccc([N+](=O)[O-])cc1Cl)c1cc(Cl)ccc1O,-4.699999809265137,-4.707406044006348,noname
Clc1ccc(-c2c(Cl)cccc2Cl)cc1,-5.283999919891357,-4.80548620223999,noname
COc1ccccc1,-1.850000023841858,-1.6800121068954468,noname
c1cc2ccc3cccc4ccc(c1)c2c34,-6.176000118255615,-7.022291660308838,noname
CC(C)COC=O,-7.150000095367432,-7.311213970184326,noname
C=C(Cl)Cl,-1.6399999856948853,-1.2571208477020264,noname
O=[N+]([O-])c1ccccc1[N+](=O)[O-],-2.0899999141693115,-2.0842068195343018,noname
CCCCCCCC(=O)OCN1C(=O)NC(c2ccccc2)(c2ccccc2)C1=O,-6.5229997634887695,-6.134274959564209,noname
CC1CC2C3CCC4=CC(=O)C=CC4(C)C3(F)C(O)CC2(C)C1(O)C(=O)CO,-3.5899999141693115,-4.147793769836426,noname
Cc1c2ccccc2c(C)c2ccccc12,-6.570000171661377,-6.229283809661865,noname
CCS,-0.6000000238418579,-0.2219565212726593,noname
Cc1cc2c3ccccc3ccc2c2ccccc12,-6.570000171661377,-7.516590595245361,noname
CC(=O)CCC1C(=O)N(c2ccccc2)N(c2ccccc2)C1=O,-3.2699999809265137,-3.554405450820923,noname
Oc1cccc(Cl)c1Cl,-1.2999999523162842,-1.443433403968811,noname
CC1(C)CON(Cc2ccccc2Cl)C1=O,-2.3380000591278076,-3.029524803161621,noname
O=c1cc[nH]c(=O)[nH]1,-1.4880000352859497,-1.7031517028808594,noname
CCCl,-3.5899999141693115,-2.983466863632202,noname
CCN1c2ncccc2C(=O)Nc2c(C)cc(C)nc21,-0.7419999837875366,-0.567772388458252,noname
Clc1c(Cl)c(Cl)c(-c2ccccc2)c(Cl)c1Cl,-7.920000076293945,-7.639403820037842,noname
CC12CCC3C(CC=C4CC(O)CCC43C)C1CCC2=O,-4.119999885559082,-4.032094955444336,noname
CNC(=O)Oc1cccc2c1OC(C)(C)C2,-2.799999952316284,-2.65899395942688,noname
CC1CCCO1,0.10999999940395355,-0.2125459909439087,noname
Cc1ccccc1-n1c(C)nc2ccccc2c1=O,-2.924999952316284,-3.3764729499816895,noname
COP(=S)(OC)Oc1cc(Cl)c(Cl)cc1Cl,-5.71999979019165,-5.76069974899292,noname
Oc1ccc(-c2ccccc2)cc1,-3.4800000190734863,-2.850846529006958,noname
OCC1OC(OC2(CO)OC(CO)C(O)C2O)C(O)C(O)C1O,-3.7699999809265137,-4.0685906410217285,noname
CCCCCCCCCCCCCCO,-1.6200000047683716,-1.1299306154251099,noname
CC(=O)Nc1cc(NS(=O)(=O)C(F)(F)F)c(C)cc1C,-3.390000104904175,-3.712270498275757,noname
ClC(Cl)Cl,-2.0769999027252197,-1.9582599401474,noname
Ic1cccc2ccccc12,-4.550000190734863,-5.210512638092041,noname
CC(=O)C1(O)CCC2C3CCC4=CC(=O)CCC4(C)C3CCC21C,-3.816999912261963,-4.104158401489258,noname
CON(C)C(=O)Nc1ccc(Cl)cc1,-2.0,-1.258470058441162,noname
CC(C)Br,-1.590000033378601,-1.6470264196395874,noname
CC1(C)C(C=C(Cl)Cl)C1C(=O)OC(C#N)c1cccc(Oc2ccccc2)c1,-8.017000198364258,-7.671305179595947,noname
OC(c1ccccc1)c1ccccc1,-2.549999952316284,-2.664480447769165,noname
COC1=CC2OC3C=CC(O)=CC3C(=O)C2C(O)=C1,-1.2999999523162842,-0.9366008043289185,noname
CCCCc1c(C)nc(NCC)nc1OS(=O)(=O)N(C)C,-4.28000020980835,-4.462508678436279,noname
CC#N,0.25999999046325684,0.9254701137542725,noname
Cc1cc(C)cc(C)c1,-3.240000009536743,-3.345311403274536,noname
Sc1ccccc1,-8.5600004196167,-8.445818901062012,noname
CC12CCC(=O)C=C1CCC1C2CCC2(C)C(C(=O)CO)CCC12,-3.450000047683716,-3.817365884780884,noname
CCCOC(C)=O,-0.7200000286102295,-0.3370334506034851,noname
CC1CCC(C(C)C)C(=O)C1,-2.3499999046325684,-1.9971857070922852,noname
Cc1ccc2c(ccc3ccccc32)c1,-5.840000152587891,-6.246105194091797,noname
NC(=O)c1ccccc1,-6.860000133514404,-6.412978649139404,noname
Nc1cccc2nc3ccccc3cc12,-4.21999979019165,-4.3055830001831055,noname
CCCC,-0.009999999776482582,0.1456272304058075,noname
CN(C)C(=O)Nc1ccc(Cl)c(Cl)c1,-3.799999952316284,-3.6880812644958496,noname
NNc1ccccc1,-6.349999904632568,-6.107776165008545,noname
CCCC(=O)OCN1C(=O)NC(c2ccccc2)(c2ccccc2)C1=O,-5.071000099182129,-5.116382122039795,noname
O=[N+]([O-])C(Cl)(Cl)Cl,-0.3100000023841858,0.5088789463043213,noname
CCC(=O)Nc1ccc(Cl)c(Cl)c1,-3.0,-2.949849843978882,noname
CN1C(C(=O)Nc2ccccn2)=C(O)c2ccccc2S1(=O)=O,-4.159999847412109,-3.683075189590454,noname
CCC#CCC,-1.9900000095367432,-1.8948726654052734,noname
CC(C)=CCC/C(C)=C\CO,-2.4600000381469727,-1.9285244941711426,noname
O=C(CC(Cl)Cl)NC1=C(Cl)C(=O)c2ccccc2C1=O,-2.4600000381469727,-2.2993288040161133,noname
CC(=O)OCC(=O)C1(O)CCC2C3CCC4=CC(=O)C=CC4(C)C3C(O)CC21C,-4.369999885559082,-3.984646797180176,noname
OC(c1ccc(Cl)cc1)(c1ccc(Cl)cc1)C(Cl)(Cl)Cl,-5.665999889373779,-5.713090419769287,noname
CC1CCCCC1,-3.8499999046325684,-4.3209123611450195,noname
CCCC(C)(C)C,-4.360000133514404,-4.081933498382568,noname
CC(=O)Nc1ccccc1,-8.399999618530273,-8.033366203308105,noname
Cc1cc(C)c(O)c(C)c1,-5.53000020980835,-6.0494065284729,noname
Cc1cccc2ccccc12,-3.700000047683716,-4.084358215332031,noname
Clc1ccc(-c2cc(Cl)c(Cl)c(Cl)c2Cl)cc1Cl,-3.5899999141693115,-3.4606266021728516,noname
O=[N+]([O-])c1cccc([N+](=O)[O-])c1,-2.2899999618530273,-2.8350820541381836,noname
FC(F)(Cl)C(F)(F)Cl,-3.369999885559082,-3.6107819080352783,noname
Cn1ccc(=O)[nH]c1=O,-0.8069999814033508,-0.8454097509384155,noname
CC(=O)C1(O)CCC2C3CC(C)C4=CC(=O)C=CC4(C)C3(F)C(O)CC21C,-4.900000095367432,-4.405942440032959,noname
CCCC=O,1.1440000534057617,0.6710985898971558,noname
O=[N+]([O-])c1ccc(O)cc1,-0.7400000095367432,-1.136949896812439,noname
C=CCCCC,-3.690000057220459,-3.9488604068756104,noname
O=C(NC(=O)c1c(F)cccc1F)Nc1cc(Cl)c(F)c(Cl)c1F,-7.28000020980835,-6.962184429168701,noname
Clc1ccc(I)cc1,-1.6399999856948853,-1.2515345811843872,noname
CC=C(C(=CC)c1ccc(O)cc1)c1ccc(O)cc1,-6.72599983215332,-7.085592269897461,noname
CCc1ccccc1CC,-3.2799999713897705,-3.4822964668273926,noname
Nc1ccc(Cl)cc1,-1.659999966621399,-1.4473661184310913,noname
Clc1ccc(Cl)c(Cl)c1,-3.5899999141693115,-4.313814640045166,noname
C1CCCCC1,-3.0999999046325684,-3.7700397968292236,noname
C=CCc1ccc(OC)cc1,-2.9200000762939453,-3.276221990585327,noname
Cc1ccc([N+](=O)[O-])cc1[N+](=O)[O-],-2.819999933242798,-3.1543242931365967,noname
c1ccoc1,-0.8199999928474426,0.5122379064559937,noname
CC(=O)CC(c1ccccc1)c1c(O)c2ccccc2oc1=O,-3.8929998874664307,-3.9081180095672607,noname
CC1(C)OC2CC3C4CCC5=CC(=O)C=CC5(C)C4(F)C(O)CC3(C)C2(C(=O)CO)O1,-2.1600000858306885,-1.2188341617584229,noname
Clc1ccc(-c2ccccc2)cc1Cl,-6.389999866485596,-6.026134967803955,noname
COc1ccc(Oc2ccc(NC(=O)N(C)C)cc2)cc1,-4.159999847412109,-4.495128154754639,noname
Nc1ccccc1O,-0.7200000286102295,-0.23986303806304932,noname
CCN1c2cc(Cl)ccc2NC(=O)c2cccnc21,-5.360000133514404,-4.6735053062438965,noname
Cc1[nH]c(=O)n(C(C)(C)C)c(=O)c1Cl,-2.4839999675750732,-2.5632002353668213,noname
CCOP(=S)(OCC)Oc1ccc([N+](=O)[O-])cc1,0.019999999552965164,-0.3565068244934082,noname
CCCCC=O,-0.8500000238418579,-0.5146647095680237,noname
N#Cc1ccccc1,-1.0,-0.8609955310821533,noname
CC(C)OC(=O)Nc1cccc(Cl)c1,-3.880000114440918,-4.394656181335449,noname
CC(=O)Nc1ccc([N+](=O)[O-])cc1,-1.4900000095367432,-1.3074135780334473,noname
Oc1c(Cl)c(Cl)cc(Cl)c1Cl,-1.399999976158142,-1.1263889074325562,noname
CCCCOCCCC,-3.930999994277954,-3.7820885181427,noname
CS(=O)(=O)c1ccc(C(O)C(CO)NC(=O)C(Cl)Cl)cc1,-2.1540000438690186,-2.0389225482940674,noname
Clc1ccc(-c2cc(Cl)ccc2Cl)cc1,-4.71999979019165,-5.0292534828186035,noname
Nc1nc(=O)[nH]cc1F,-0.49000000953674316,-0.2420242577791214,noname
CC(=O)CC(C)C,-0.7400000095367432,-0.15245957672595978,noname
CC[N+](=O)[O-],-0.2199999988079071,0.5707621574401855,noname
c1ccc(N=Nc2ccccc2)cc1,-0.2199999988079071,0.3449355661869049,noname
CN(C)C(=O)Nc1ccccc1,-1.600000023841858,-1.4364761114120483,noname
COCOC,-2.819999933242798,-2.7371087074279785,noname
CC(C)C1(C(C)C)C(=O)NC(=O)NC1=O,-2.7660000324249268,-2.4213101863861084,noname
Cc1ccc(OP(=O)(Oc2cccc(C)c2)Oc2ccccc2C)cc1,-6.010000228881836,-5.947256565093994,noname
C#CC1(O)CCC2C3CCc4cc(O)ccc4C3CCC21C,-2.0,-2.312868595123291,noname
Oc1c2ccccc2cc2ccccc12,-4.730000019073486,-4.143669128417969,noname
Clc1ccc(Cl)c(-c2c(Cl)c(Cl)c(Cl)c(Cl)c2Cl)c1,-2.8429999351501465,-2.5691020488739014,noname
CCC(C)(O)CC,-0.36000001430511475,-0.1660197228193283,noname
Oc1cccc2ncccc12,-2.5399999618530273,-1.6056236028671265,noname
CC(C)CC(C)C,-4.260000228881836,-4.581932067871094,noname
O=C1NC(=O)C2C=CC=CC12,-2.931999921798706,-2.5243911743164062,noname
CC(C)CCCO,-2.490000009536743,-2.3922369480133057,noname
COc1ccc(C(c2ccc(OC)cc2)C(Cl)(Cl)Cl)cc1,-6.889999866485596,-6.732114791870117,noname
Nc1ccccc1,-0.4099999964237213,-0.3110404908657074,noname
NC(N)=S,0.3199999928474426,0.5513044595718384,noname
Oc1ccc2ncccc2c1,-2.1600000858306885,-1.8917773962020874,noname
Cc1cc2ccccc2cc1C,-3.9000000953674316,-3.5795600414276123,noname
CON(C)C(=O)Nc1ccc(Br)c(Cl)c1,-3.9240000247955322,-4.105997562408447,noname
CCCCCCCC(C)=O,-4.25,-4.833885669708252,noname
CCCCCCCC,-0.9800000190734863,-0.7832943201065063,noname
CCCCCC(C)(C)O,-3.8399999141693115,-4.72572660446167,noname
COP(=S)(OC)Oc1ccc(Sc2ccc(OP(=S)(OC)OC)cc2)cc1,-4.059999942779541,-3.9304916858673096,noname
CC(=O)OCC(=O)C1(O)C(C)CC2C3CCC4=CC(=O)C=CC4(C)C3(F)C(O)CC21C,-3.1500000953674316,-3.812673807144165,noname
Brc1ccc(I)cc1,-4.559999942779541,-4.458376407623291,noname
CC(C)Oc1cc(-n2nc(C(C)(C)C)oc2=O)c(Cl)cc1Cl,-5.696000099182129,-4.884814262390137,noname
CCOC(C)OCC,-0.4300000071525574,0.2950577437877655,noname
CCC(C)CCO,-0.7099999785423279,-0.6420383453369141,noname
O=C1CN=C(c2ccccc2)c2cc([N+](=O)[O-])ccc2N1,-3.7960000038146973,-4.083433628082275,noname
CCN(Cc1c(F)cccc1Cl)c1c([N+](=O)[O-])cc(C(F)(F)F)cc1[N+](=O)[O-],-1.9800000190734863,-1.8293577432632446,noname
ClC1(Cl)C2(Cl)C3(Cl)C4(Cl)C(Cl)(Cl)C5(Cl)C3(Cl)C1(Cl)C5(Cl)C24Cl,-2.2179999351501465,-2.3140387535095215,noname
CC(=O)OCC(C)C,-6.236999988555908,-6.723513126373291,noname
COc1ccc([N+](=O)[O-])cc1,-2.4100000858306885,-2.488436222076416,noname
Cc1cc(OC(=O)N(C)C)n(-c2ccccc2)n1,-2.0899999141693115,-2.247441530227661,noname
COc1cc(C2c3cc4c(cc3C(OC3OC5COC(C)OC5C(O)C3O)C3COC(=O)C23)OCO4)cc(OC)c1O,-3.571000099182129,-4.191257476806641,noname
CCSC(=O)N(CC)C1CCCCC1,-3.4000000953674316,-3.9461305141448975,noname
CN(C)C(=O)NC1CC2CC1C1CCCC21,-3.1710000038146973,-2.7141690254211426,noname
COC(=O)c1ccccc1,-1.850000023841858,-1.158165693283081,noname
Clc1cccc(-c2cccc(Cl)c2Cl)c1Cl,-7.28000020980835,-6.981739521026611,noname
CN(C)C(=O)Nc1ccc(Oc2ccc(Cl)cc2)cc1,-5.03000020980835,-4.710901260375977,noname
O=C1CSC(=S)N1,-1.7699999809265137,-1.377872109413147,noname
Clc1cc(Cl)c(-c2c(Cl)cccc2Cl)c(Cl)c1,-7.320000171661377,-7.6669182777404785,noname
c1cc2cccc3c4cccc5cccc(c(c1)c23)c54,-8.803999900817871,-8.327383995056152,noname
ClC1=C(Cl)C2(Cl)C3C4C=CC(C4)C3C1(Cl)C2(Cl)Cl,-6.307000160217285,-6.444943904876709,noname
c1cc2ccc3ccc4ccc5cccc6c(c1)c2c3c4c56,-9.017999649047852,-9.57095718383789,noname
Cn1c(=O)c2c(ncn2CC(O)CO)n(C)c1=O,0.7900000214576721,0.6131552457809448,noname
O=C1NC(=O)C2(CCCCCCC2)C(=O)N1,-2.5399999618530273,-2.3424437046051025,noname
Cc1c2ccccc2cc2ccccc12,-5.889999866485596,-6.125630855560303,noname
Cc1ncnc2nccnc12,-0.4659999907016754,-0.5055980682373047,noname
C#CC1(O)CCC2C3CCC4=CC(=O)CCC4(O)C3CCC21C,-1.1399999856948853,-0.7748991250991821,noname
C=CC=C,-1.8700000047683716,-1.6477382183074951,noname
Cc1cccc(C)c1O,-1.2899999618530273,-0.5875460505485535,noname
CCCCC(CC)COC(=O)c1ccccc1C(=O)OCC(CC)CCCC,-4.949999809265137,-4.0827813148498535,noname
CN(C(=O)COc1nc2ccccc2s1)c1ccccc1,-4.873000144958496,-4.127165794372559,noname
Clc1cccc(Cl)c1-c1ccccc1,-2.0,-1.8185070753097534,noname
Nc1cc[nH]c(=O)n1,-1.1549999713897705,-1.4103032350540161,noname
CCN(CC)C(=O)C(Cl)=CCOP(=O)(OC)OC,0.5230000019073486,0.7413198947906494,noname
Brc1ccc2ccccc2c1,-4.400000095367432,-5.291930675506592,noname
C1=CCCC1,-2.0999999046325684,-2.3210551738739014,noname
CCCOC(=O)CCC,-1.75,-1.5444947481155396,noname
CCCCOc1ccc(C(=O)OCC)c(N(CC)CC)c1,-0.972000002861023,-1.8727675676345825,noname
N#CCCCl,-0.28999999165534973,-0.06401166319847107,noname
O=C1CC(c2ccc(O)c(O)c2)Oc2cc(O)cc(O)c21,-2.9820001125335693,-2.5182340145111084,noname
C#CC(C)OC(=O)Nc1cccc(Cl)c1,-2.617000102996826,-3.1966469287872314,noname
Cc1cc(=O)[nH]c(=S)[nH]1,-2.436000108718872,-2.5674633979797363,noname
c1ccc2c(c1)CCC2,-3.0399999618530273,-3.240760564804077,noname
O=c1oc2ccccc2c(O)c1C1CCCc2ccccc21,-2.8399999141693115,-4.085011959075928,noname
Nc1ccc(O)cc1,-0.800000011920929,-0.3675583600997925,noname
CCCCBr,-2.369999885559082,-2.514883518218994,noname
Clc1cc(Cl)c(-c2cccc(Cl)c2Cl)cc1Cl,-7.210000038146973,-7.714740753173828,noname
COP(=S)(OC)SCC(=O)N(C)C=O,-1.9950000047683716,-1.1937856674194336,noname
OC1CCCCCCC1,-1.2899999618530273,-1.7493823766708374,noname
C=CC(=O)OC,-6.090000152587891,-6.007652759552002,noname
Oc1ccccc1O,0.6200000047683716,0.13171818852424622,noname
CCCCO,0.0,0.0862111747264862,noname
CC(C)OC(C)C,-1.100000023841858,-0.8134472370147705,noname
COc1ccccc1O,-1.9600000381469727,-0.43302714824676514,noname
CC(C)N(C(=O)SCC(Cl)=C(Cl)Cl)C(C)C,0.25999999046325684,1.2099517583847046,noname
C#CCCCC,-2.359999895095825,-2.332632064819336,noname
CCCCCCCCO,-2.390000104904175,-2.3626914024353027,noname
C=CCC1(CC)C(=O)NC(=O)NC1=O,-1.6139999628067017,-2.0472795963287354,noname
O=[N+]([O-])c1cc([N+](=O)[O-])cc([N+](=O)[O-])c1,-2.890000104904175,-4.22685432434082,noname
CC(=O)OC(C)C,-0.550000011920929,-0.18862663209438324,noname
Cc1ccncc1C,0.36000001430511475,0.6446843147277832,noname
CN1C(=O)CN=C(c2ccccc2)c2cc(Cl)ccc21,-3.753999948501587,-4.158877849578857,noname
CCCCCCC(=O)OCN1C(=O)NC(c2ccccc2)(c2ccccc2)C1=O,-6.301000118255615,-5.844870090484619,noname
CCCCOC=O,-1.3700000047683716,-0.6774377822875977,noname
Oc1cc(Cl)c(Cl)c(Cl)c1Cl,-4.230000019073486,-4.039011478424072,noname
Clc1ccc(Cl)c(-c2c(Cl)c(Cl)cc(Cl)c2Cl)c1,-6.079999923706055,-5.879126071929932,noname
CC(C)CBr,-2.430000066757202,-2.535158157348633,noname
CCCC(C)C,-3.740000009536743,-3.9622483253479004,noname
O=C(c1ccccc1)c1ccccc1,-4.239999771118164,-4.49943208694458,noname
CC(C)SC(C)C,-2.240000009536743,-2.1048433780670166,noname
Brc1cc(Br)cc(Br)c1,-5.599999904632568,-5.7014384269714355,noname
ClC1=C(Cl)C2(Cl)C3C4CC(C5OC45)C3C1(Cl)C2(Cl)Cl,-6.289999961853027,-6.2424187660217285,noname
CCCN(CCC)c1c([N+](=O)[O-])cc(S(N)(=O)=O)cc1[N+](=O)[O-],-3.5,-3.8230414390563965,noname
O=C1Nc2ccc(Cl)cc2C(c2ccccc2Cl)=NC1O,-1.4559999704360962,-2.4466803073883057,noname
CNc1ccccc1,-3.549999952316284,-3.4102747440338135,noname
Oc1c(Cl)cc(Cl)cc1Cl,-5.409999847412109,-6.886829853057861,noname
COC(=O)C1=C(C)NC(C)=C(C(=O)OC)C1c1ccccc1[N+](=O)[O-],-4.760000228881836,-4.818851470947266,noname
CCOC(=O)c1ccccc1S(=O)(=O)NN(C=O)c1nc(Cl)cc(OC)n1,-4.576000213623047,-3.8112456798553467,noname
NS(=O)(=O)c1cc2c(cc1Cl)N=CNS2(=O)=O,-3.2100000381469727,-3.597778081893921,noname
CCCCC(=O)OCC,-2.25,-1.4551619291305542,noname
CC(=O)Nc1ccc(F)cc1,-1.7799999713897705,-2.3087165355682373,noname
Oc1cccc2ccccc12,-2.2200000286102295,-2.0182623863220215,noname
CC(C)C(O)C(C)C,-1.2200000286102295,-0.948272705078125,noname
Clc1cccc(Cl)c1,-3.0999999046325684,-3.615863561630249,noname
C=CCc1ccc(O)c(OC)c1,-1.559999942779541,-1.5659981966018677,noname
COP(=S)(OC)SCC(=O)N(c1ccc(Cl)cc1)C(C)C,-4.432000160217285,-4.9333271980285645,noname
CC(C)OC(=O)C(O)(c1ccc(Br)cc1)c1ccc(Br)cc1,-4.570000171661377,-4.074594497680664,noname
O=C(Nc1ccccc1)c1ccccc1O,-4.800000190734863,-4.773845195770264,noname
CCC(C)(C)O,-2.878000020980835,-2.485572576522827,noname
COc1c2occc2cc2ccc(=O)oc12,-3.6640000343322754,-4.064541339874268,noname
CCCCOC(=O)CCCCCCCCC(=O)OCCCC,-3.8959999084472656,-4.605098247528076,noname
N#CN=C(N)N,-7.389999866485596,-8.38006591796875,noname
Oc1ncc2nccnc2n1,-1.9470000267028809,-2.0341460704803467,noname
CC(=O)N(c1onc(C)c1C)S(=O)c1ccc(N)cc1,-3.5899999141693115,-3.6494014263153076,noname
CN(C)c1ccccc1,0.15000000596046448,0.5878016948699951,noname
Oc1ccccc1,0.0,0.2374420464038849,noname
CCC(=O)OC,-0.14000000059604645,0.48426976799964905,noname
O=C(Nc1ccccc1)Nc1ccccc1,-3.1500000953674316,-3.216758966445923,noname
O=Cc1ccc(O)cc1,-0.9599999785423279,-0.6437249779701233,noname
CCN(CC)c1nc(Cl)nc(N(CC)CC)n1,-4.410999774932861,-4.0517191886901855,noname
CCOC(=O)c1ccccc1,-7.920000076293945,-8.632996559143066,noname
COC(=O)c1ccccc1C(=O)OC,-1.659999966621399,-2.1379990577697754,noname
ClCBr,-0.8899999856948853,-0.47722339630126953,noname
C#CCCCCC,-0.029999999329447746,-0.3330034911632538,noname
CCCCCCCCCCCCCCCO,-5.114999771118164,-6.060676097869873,noname
C1CCOCC1,-3.680000066757202,-4.492696762084961,noname
CNC(=O)ON=C(SC)C(=O)N(C)C,-2.440000057220459,-2.334789752960205,noname
Cc1cnc2cncnc2n1,-0.8539999723434448,-0.7863192558288574,noname
c1ccc2c(c1)ccc1c3ccccc3ccc21,-8.057000160217285,-7.24196720123291,noname
C#CCCCCCC,-3.6600000858306885,-3.723842144012451,noname
CC1Cc2ccccc2N1NC(=O)c1ccc(Cl)c(S(N)(=O)=O)c1,-3.5859999656677246,-3.9954655170440674,noname
COc1ccccc1OCC(O)COC(N)=O,-0.9850000143051147,-0.7804456949234009,noname
C=CCC1(c2ccccc2)C(=O)NC(=O)NC1=O,-2.36899995803833,-2.4081528186798096,noname
CC(C)OP(=S)(OC(C)C)SCCNS(=O)(=O)c1ccccc1,-4.199999809265137,-4.145868301391602,noname
Clc1cccc(Br)c1,-0.699999988079071,-0.6787053346633911,noname
COC(C)(C)CCCC(C)CC=CC(C)=CC(=O)OC(C)C,-6.025000095367432,-6.762693405151367,noname
CBr,-0.7900000214576721,-0.1732344627380371,noname
CCN1C(=O)c2ccccc2Oc2ccccc21,-4.633999824523926,-4.26754093170166,noname
Oc1ccncc1,-2.9200000762939453,-2.7609169483184814,noname
OC(Cn1cncn1)(Cn1cncn1)c1ccc(F)cc1F,-1.7999999523162842,-1.8868012428283691,noname
c1ccc(Oc2ccccc2)cc1,-4.172999858856201,-4.682241916656494,noname
CCC(C)Cl,-1.9600000381469727,-2.1604578495025635,noname
Clc1cc(Cl)c(Cl)c(-c2c(Cl)c(Cl)cc(Cl)c2Cl)c1Cl,-9.149999618530273,-9.582626342773438,noname
O=c1[nH]c(=O)c2[nH]c(=O)[nH]c2[nH]1,-4.710000038146973,-4.737644672393799,noname
N#CC(OC1OC(COC2OC(CO)C(O)C(O)C2O)C(O)C(O)C1O)c1ccccc1,-0.7699999809265137,-0.4912615716457367,noname
CC(C)CC(C)O,-1.2999999523162842,-1.1101059913635254,noname
CC(=O)Nc1nnc(S(N)(=O)=O)s1,-2.359999895095825,-2.0930256843566895,noname
N=C(N)NS(=O)(=O)c1ccc(N)cc1,-1.9900000095367432,-2.3011460304260254,noname
CCC(=O)OC1CCC2C3CCC4=CC(=O)CCC4(C)C3CCC12C,-5.369999885559082,-4.882529258728027,noname
Cc1cccnc1C,0.3799999952316284,0.6589009761810303,noname
Clc1ccc(-c2cc(Cl)ccc2Cl)c(Cl)c1,-6.570000171661377,-7.170170307159424,noname
OCc1ccccc1OC1OC(CO)C(O)C(O)C1O,-0.8500000238418579,-0.10628440976142883,noname
Cc1ccc(O)c(C)c1,-1.190000057220459,-0.7214998006820679,noname
C=CC(=C)C,-2.0299999713897705,-2.049988031387329,noname
COC(C)=O,-3.5829999446868896,-3.270502805709839,noname
CCC1(CC=C(C)C)C(=O)NC(=O)NC1=O,-2.7699999809265137,-2.645843267440796,noname
COc1ncnc2nccnc12,-1.1100000143051147,-0.8768521547317505,noname
CC(=O)OCC(=O)C1(O)CCC2C3CCC4=CC(=O)CCC4(C)C3C(O)CC21C,-2.0899999141693115,-2.1124446392059326,noname
C=CCC1(CC=C)C(=O)NC(=O)NC1=O,-4.150000095367432,-4.934465408325195,noname
CC=Cc1ccc(OC)cc1,-3.130000114440918,-3.4992189407348633,noname
CC(C)=CC1C(C(=O)OCc2cccc(Oc3ccccc3)c2)C1(C)C,-1.8300000429153442,-2.238988161087036,noname
Cn1c(=O)c2c(ncn2C)n(C)c1=O,-2.5929999351501465,-2.429352045059204,noname
Nc1cnn(-c2ccccc2)c(=O)c1Cl,-4.929999828338623,-5.429434776306152,noname
CCOCCOCC,-0.7699999809265137,0.2951250970363617,noname
CC(C)C(Nc1ccc(C(F)(F)F)cc1Cl)C(=O)OC(C#N)c1cccc(Oc2ccccc2)c1,-8.003000259399414,-8.595891952514648,noname
CCOc1ccc(NC(N)=O)cc1,-2.1700000762939453,-2.4682648181915283,noname
CCCC(=O)CCC,-1.2999999523162842,-0.9008452892303467,noname
Cc1ccc2cc(C)ccc2c1,-4.889999866485596,-5.242095470428467,noname
Cc1ccc(C(C)C)cc1,-4.889999866485596,-4.852033615112305,noname
Cc1occc1C(=O)Nc1ccccc1,-3.299999952316284,-2.9028820991516113,noname
CCCCCCc1ccccc1,-5.210000038146973,-4.960704326629639,noname
CC1(C)C(C=C(Cl)Cl)C1C(=O)OCc1cccc(Oc2ccccc2)c1,-6.290999889373779,-6.8468804359436035,noname
CC1=CC(=O)c2ccccc2C1=O,-3.0299999713897705,-3.149366617202759,noname
Cc1cc(Cl)ccc1N=CN(C)C,-2.859999895095825,-2.9198741912841797,noname
CC12CCC(=O)C=C1CCC1C3CCC(O)(C(=O)CO)C3(C)CC(O)C12F,-3.430000066757202,-3.7087085247039795,noname
C=C(C)C,-2.3299999237060547,-1.7778795957565308,noname
CC1=C(C(=O)Nc2ccccc2)S(=O)(=O)CCO1,-5.190000057220459,-4.567918300628662,noname
CCN1c2ncccc2C(=O)Nc2c(C(F)(F)F)cc(C)nc21,-2.390000104904175,-2.1529974937438965,noname
NC(N)=O,-2.640000104904175,-2.564884901046753,noname
C=CC(C)(O)CCC=C(C)C,-1.9900000095367432,-1.721764326095581,noname
CCC(C)C(=O)OC1CC(C)C=C2C=CC(C)C(CCC3CC(O)CC(=O)O3)C21,-6.005000114440918,-5.774838924407959,noname
Nc1ccc(S(=O)(=O)c2ccc(N)cc2)cc1,-3.0940001010894775,-3.606945037841797,noname
O=C(C=CC=Cc1ccc2c(c1)OCO2)N1CCCCC1,-1.059999942779541,-0.6288991570472717,noname
Oc1ccc2c(c1)CCCC2,-1.9900000095367432,-2.2755331993103027,noname
Clc1c(Cl)c(Cl)c2nccnc2c1Cl,-5.429999828338623,-4.912538528442383,noname
Sc1nc2ccccc2s1,-3.180000066757202,-3.0845067501068115,noname
CCC(C)(C)Cl,-2.509999990463257,-2.4102227687835693,noname
CCCCCCCCCCCCCCCC,-0.11999999731779099,0.18195775151252747,noname
CC(=O)OC1(C)CCC2C3CCC4=CC(=O)CCC4(C)C3CCC21C,-4.230000019073486,-3.985621929168701,noname
C#CC1(O)CCC2C3CCC4=Cc5oncc5CC4(C)C3CCC21C,-5.506999969482422,-4.8838887214660645,noname
CC(Cl)(Cl)Cl,-7.420000076293945,-8.343828201293945,noname
Cc1ccccc1C(C)C,-3.759999990463257,-3.8074958324432373,noname
CC(C)OC(=O)C(O)(c1ccc(Cl)cc1)c1cccc(Cl)c1,-4.53000020980835,-4.786104202270508,noname
Clc1ccc(-c2ccc(Cl)c(Cl)c2Cl)c(Cl)c1Cl,-8.010000228881836,-8.293960571289062,noname
CC(C)C(C)O,-0.18000000715255737,0.03339296579360962,noname
CCCCCCCC(=O)OCC,-3.390000104904175,-3.047318935394287,noname
Clc1ccc(C(c2ccccc2Cl)C(Cl)Cl)cc1,-6.510000228881836,-6.804402828216553,noname
COP(=O)(OC)OC(Br)C(Cl)(Cl)Br,0.5099999904632568,-0.023296445608139038,noname
CCOP(=S)(OCC)SCSCC,-4.110000133514404,-3.857295036315918,noname
CCCC(=O)OC,-1.9199999570846558,-0.3053796589374542,noname
Cc1cc([N+](=O)[O-])cc([N+](=O)[O-])c1O,-4.880000114440918,-3.638333797454834,noname
CCCN(CCC)c1c([N+](=O)[O-])cc(C(F)(F)F)cc1[N+](=O)[O-],-2.6760001182556152,-2.59900164604187,noname
CCCOC(C)C,-1.340000033378601,-0.9604974985122681,noname
Clc1ccccc1,-2.380000114440918,-2.051084280014038,noname
CCCCCCCCCC(=O)OCC,-4.099999904632568,-4.119783401489258,noname
CCCCCc1ccccc1,-4.639999866485596,-4.416897296905518,noname
CCOC(=O)NCCOc1ccc(Oc2ccccc2)cc1,-4.699999809265137,-4.462141513824463,noname
CCOC(=O)N(C)C(=O)CSP(=S)(OCC)OCC,-2.059999942779541,-2.13775897026062,noname
C=CCC1(C(C)CC)C(=O)NC(=O)NC1=O,-2.0160000324249268,-2.270226001739502,noname
CCCCN(C)C(=O)Nc1ccc(Cl)c(Cl)c1,-4.769999980926514,-4.815986156463623,noname
CCCCl,-1.4700000286102295,-1.5040017366409302,noname
C=CCCCCCC,-4.440000057220459,-4.399257659912109,noname
O=C1NC(=O)C(c2ccccc2)(c2ccccc2)N1,-4.0970001220703125,-4.100838661193848,noname
CCC1(c2ccccc2)CCC(=O)NC1=O,-2.3369998931884766,-2.2861785888671875,noname
O=C1CCCCC1,-0.6000000238418579,-0.31668055057525635,noname
CC1=C(C(=O)Nc2ccccc2)CCCO1,-2.559999942779541,-3.1705574989318848,noname
CCOP(=S)(OCC)SC(CCl)N1C(=O)c2ccccc2C1=O,-6.340000152587891,-5.6912055015563965,noname
CNc1cnn(-c2cccc(C(F)(F)F)c2)c(=O)c1Cl,-4.046000003814697,-4.139895439147949,noname
OC(c1ccc(Cl)cc1)(c1cncnc1)c1ccccc1Cl,-4.380000114440918,-4.172955513000488,noname
Clc1cc(Cl)c(Cl)c(Cl)c1Cl,-5.650000095367432,-6.131280422210693,noname
CCN(CC)C(=O)CSc1ccc(Cl)nn1,-1.715999960899353,-2.218571424484253,noname
CCOP(=S)(OCC)Oc1cc(C)nc(C(C)C)n1,-3.640000104904175,-3.804797887802124,noname
NC(=O)c1cnccn1,-0.6669999957084656,0.040937572717666626,noname
CSSC,-2.5810000896453857,-2.007091522216797,noname
Cc1c[nH]c(=O)nc1N,-1.4579999446868896,-1.5658432245254517,noname
C=CCC=C,-1.2799999713897705,-0.7940413951873779,noname
C=CC=O,0.5699999928474426,1.0532516241073608,noname
CC(C)(C)c1ccc(O)cc1,-2.4100000858306885,-2.20725154876709,noname
CO,1.5700000524520874,1.400799036026001,noname
CCCC(C)(C)O,-3.359999895095825,-3.8832309246063232,noname
CCCCCCCCC(=O)OC,-2.049999952316284,-1.5908639430999756,noname
CC1CC(C)C(=O)C(C(O)CC2CC(=O)NC(=O)C2)C1,-1.1299999952316284,-0.9374979734420776,noname
CC(C)C(C)C,-3.6500000953674316,-4.01174259185791,noname
CCOP(=S)(OCC)N1C(=O)c2ccccc2C1=O,-4.590000152587891,-3.871506452560425,noname
Nc1ccc(S(N)(=O)=O)cc1,-1.340000033378601,-1.5640510320663452,noname
NS(=O)(=O)c1cc2c(cc1Cl)NCNS2(=O)=O,-2.630000114440918,-2.9397990703582764,noname
CC12CCC3C(CCC4=CC(=O)CCC43C)C1CCC2=O,-1.5199999809265137,-1.756198763847351,noname
c1cncnc1,1.100000023841858,1.5569134950637817,noname
CCCOC(=O)CC,-0.8199999928474426,-0.7905682325363159,noname
NS(=O)(=O)c1cc(C2(O)NC(=O)c3ccccc32)ccc1Cl,-0.4000000059604645,-0.9224975109100342,noname
Nc1cnn(-c2ccccc2)c(=O)c1Br,-3.127000093460083,-2.823726177215576,noname
Oc1ccc(Cl)cc1Cl,-1.5499999523162842,-1.7368388175964355,noname
Cc1ccc2cc3ccccc3cc2c1,-6.960000038146973,-6.518740177154541,noname
O=Cc1ccc2c(c1)OCO2,-1.6299999952316284,-2.349196195602417,noname
CCCCCC(=O)OCN1C(=O)NC(c2ccccc2)(c2ccccc2)C1=O,-5.886000156402588,-5.537234783172607,noname
c1ccc(-c2ccc(-c3ccccc3)cc2)cc1,-7.110000133514404,-6.738611698150635,noname
Nc1nc(N)c2nc(-c3ccccc3)c(N)nc2n1,-2.4040000438690186,-3.7861828804016113,noname
Ic1ccccc1,-3.009999990463257,-2.982368230819702,noname
CCCCCCCCC(=O)OCC,-3.799999952316284,-3.5705952644348145,noname
CCCC(C)C1(CC)C(=O)NC(=S)NC1=O,-3.359999895095825,-3.3130180835723877,noname
CC(=O)OC1CCC2C3CCC4=CC(=O)CCC4(C)C3CCC12C,-5.184000015258789,-4.828512668609619,noname
CCOC(=O)c1cncn1C(C)c1ccccc1,-4.735000133514404,-3.944995880126953,noname
CC(C)=CCC1(C(C)C)C(=O)NC(=O)NC1=O,-4.798999786376953,-5.175679683685303,noname
c1ccc2c(c1)Cc1c-2ccc2ccccc12,-2.86299991607666,-2.7224161624908447,noname
CCCCCOC(=O)CC,-1.2799999713897705,-1.770114779472351,noname
c1ccc2c(c1)Cc1ccccc1-2,-5.0,-5.293269634246826,noname
OCC1OC(O)C(O)C(O)C1O,0.7400000095367432,0.7436187267303467,noname
ClC1=C(Cl)C(Cl)(C2(Cl)C(Cl)=C(Cl)C(Cl)=C2Cl)C(Cl)=C1Cl,-7.2779998779296875,-7.408407688140869,noname
ClCCCCl,-1.6200000047683716,-1.3481290340423584,noname
CNC(=O)C=C(C)OP(=O)(OC)OC,-2.4519999027252197,-2.6756019592285156,noname
C/C=C\CC,-3.240000009536743,-3.3166749477386475,noname
CCC(c1ccc(O)cc1)C(CC)c1ccc(O)cc1,-4.429999828338623,-4.1893134117126465,noname
NNC(=O)c1ccncc1,-2.700000047683716,-3.4578654766082764,noname
Oc1c(Cl)cccc1Cl,-4.449999809265137,-3.8805291652679443,noname
Cc1ccccc1N1C(=O)c2cc(S(N)(=O)=O)c(Cl)cc2NC1C,-3.7799999713897705,-3.9842565059661865,noname
CCSCc1ccccc1OC(=O)NC,-2.0899999141693115,-2.3166582584381104,noname
C/C=C/CC,-2.5399999618530273,-2.370109796524048,noname
CCOC(=O)c1ccc(N)cc1,-2.615999937057495,-2.4395906925201416,noname
Cc1cccc2c1Cc1ccccc1-2,-5.21999979019165,-5.584908962249756,noname
CC(C)CC(C)(C)O,-3.364000082015991,-3.133134603500366,noname
CC12CCC(=O)C=C1CCC1C2CCC2(C)C(O)CCC12,-4.019999980926514,-4.174131870269775,noname
CCC(C)C1(CC)C(=O)NC(=O)NC1=O,-2.390000104904175,-2.3306727409362793,noname
CCCCCCCC(C)O,-2.740000009536743,-2.419858455657959,noname
O=[N+]([O-])c1ccc(Oc2ccc(Cl)cc2Cl)cc1,-5.460000038146973,-5.916688442230225,noname
CCC(=O)OCN1C(=O)NC(c2ccccc2)(c2ccccc2)C1=O,-4.9070000648498535,-4.840362548828125,noname
Oc1ccc(Cl)c(Cl)c1,-1.25,-1.7071152925491333,noname
CCCO,0.6200000047683716,0.5955455303192139,noname
Clc1ccc(-c2ccccc2Cl)cc1,-5.28000020980835,-5.950361728668213,noname
CCOC=O,-0.7300000190734863,-0.3595850467681885,noname
Cc1cc(C(=O)NNCc2ccccc2)no1,-0.4000000059604645,0.04834485054016113,noname
Oc1cccc(Cl)c1,-3.6040000915527344,-3.9280993938446045,noname
O=C1c2ccccc2C(=O)c2ccccc21,-3.953000068664551,-3.898587703704834,noname
CCC(C)CO,-0.4699999988079071,-0.09494230151176453,noname
CCSCC,-1.340000033378601,-0.8885406255722046,noname
O=C(Nc1cccc(Cl)c1)OCC#CCCl,-1.399999976158142,-0.6973233222961426,noname
CCNc1nc(Cl)nc(NCC)n1,-4.550000190734863,-4.024466037750244,noname
Cn1cc(-c2ccccc2)c(=O)c(-c2cccc(C(F)(F)F)c2)c1,-4.445000171661377,-4.838996410369873,noname
O=C1CN=C(c2ccccc2Cl)c2cc([N+](=O)[O-])ccc2N1,-3.499000072479248,-4.540652275085449,noname
CCOP(=S)(OCC)SCSc1ccc(Cl)cc1,-5.736000061035156,-5.9848456382751465,noname
C1CCCCCC1,-3.509999990463257,-4.332861423492432,noname
c1ccsc1,-1.3300000429153442,-0.7351322174072266,noname
COC1=C(OC)C2C(=O)OCC2C=C1,-1.8990000486373901,-1.7026300430297852,noname
NS(=O)(=O)c1cc2c(cc1Cl)NC(C(Cl)Cl)NS2(=O)=O,-2.680000066757202,-3.1744894981384277,noname
COc1cnc2ncncc2n1,-1.1390000581741333,-1.173797845840454,noname
CCCCC(C=O)CC,-3.2699999809265137,-3.2504630088806152,noname
C[N+](=O)[O-],-4.445000171661377,-5.512741565704346,noname
C=CC(C)C,-2.7300000190734863,-2.5633044242858887,noname
Clc1cccc(Cl)c1-c1c(Cl)cccc1Cl,-6.349999904632568,-6.530552864074707,noname
CCCCCCC(=O)OCC,-2.691999912261963,-2.682131052017212,noname
CCOc1ccc2nc(S(N)(=O)=O)sc2c1,-3.809999942779541,-3.6327402591705322,noname
Cc1ccccc1C,0.47999998927116394,1.0782979726791382,noname
Cc1ccc(N)cc1,-1.2100000381469727,-0.8732147216796875,noname
O=Cc1ccccc1,-1.190000057220459,-0.5856549143791199,noname
CCCCCCCCBr,-6.800000190734863,-6.349961280822754,noname
Oc1cc(Cl)cc(Cl)c1,-1.4700000286102295,-1.2038100957870483,noname
CCCCC(=O)OC,-1.340000033378601,-0.7886404991149902,noname
Cc1cccc2c1ccc1ccccc12,-4.553999900817871,-3.856623649597168,noname
Clc1cccc(-c2ccccc2)c1,-4.880000114440918,-5.291955471038818,noname
CC(C)CCC(C)(C)C,-5.050000190734863,-5.11155366897583,noname
CC1COC2CC3(C)C(CC4C5C=C6CC(O)CCC6(C)CC5CCC43C)OC2C1,-7.320000171661377,-7.435051918029785,noname
CCC1(c2ccccc2)C(=O)NCNC1=O,-2.640000104904175,-2.3953192234039307,noname
c1ccc2cc3cc4ccccc4cc3cc2c1,-2.5799999237060547,-2.7784037590026855,noname
CC(=O)C1CCC2C3CC=C4CC(O)CCC4(C)C3CCC12C,-4.650000095367432,-4.888984203338623,noname
NC(=O)CCl,-0.019999999552965164,0.9994338750839233,noname
CC(=O)SC1CC2=CC(=O)CCC2(C)C2CCC3(C)C(CCC34CCC(=O)O4)C12,-2.943000078201294,-3.1808807849884033,noname
CCCC(C)CO,-4.429999828338623,-3.933079481124878,noname
CNC(=O)Oc1ccccc1OC(C)C,-2.049999952316284,-2.4206316471099854,noname
Cc1cccc(C)n1,0.44999998807907104,0.38074353337287903,noname
ClC(Cl)=C(Cl)Cl,-2.180000066757202,-1.8476338386535645,noname
c1cc2c3c(cccc3c1)CC2,-4.630000114440918,-5.2464919090271,noname
CCOC(=O)C=Cc1ccccc1,-3.0,-2.675621509552002,noname
CC1(C)C(=O)NC(=O)NC1=O,-7.389999866485596,-6.916064739227295,noname
CCC1NC(=O)c2cc(S(N)(=O)=O)c(Cl)cc2N1,-3.2899999618530273,-3.530364751815796,noname
O=c1c(O)c(-c2ccc(O)cc2O)oc2cc(O)cc(O)c12,-3.0829999446868896,-3.5056021213531494,noname
CC(=O)C1(C)CCC2C3C=C(C)C4=CC(=O)CCC4(C)C3CCC21C,-5.269999980926514,-4.8153510093688965,noname
O=c1[nH]c2cc(Cl)ccc2o1,-2.8310000896453857,-3.388080596923828,noname
CCCCC(C)CC,-0.800000011920929,-0.4168081283569336,noname
CCN1C(=O)c2cccnc2N(CC)c2ncccc21,-2.859999895095825,-3.8990108966827393,noname
CC=CC=O,-3.369999885559082,-3.3587677478790283,noname
CCCOC(=O)c1ccc(N)cc1,0.699999988079071,1.0988342761993408,noname
Clc1cccc(C(Cl)(Cl)Cl)n1,-4.285999774932861,-4.330227851867676,noname
Nc1cc2c3ccccc3ccc2c2ccccc12,-6.199999809265137,-6.787754058837891,noname
Cc1cccc([N+](=O)[O-])c1,-7.659999847412109,-8.941401481628418,noname
COC1=CC(=O)CC(C)C12Oc1c(Cl)c(OC)cc(OC)c1C2=O,-3.180000066757202,-3.588116407394409,noname
C=C,-0.4000000059604645,-0.2659699022769928,noname
CC(=O)C(C)C,-3.0999999046325684,-2.873412847518921,noname
CCCOC,-0.38999998569488525,-0.12106165289878845,noname
O=[N+]([O-])c1ccc(Cl)cc1,-2.9200000762939453,-2.7484447956085205,noname
CC1CCCCC1C,-4.300000190734863,-4.808074951171875,noname
O=C1C=C2CC3(O)COc4c(ccc(O)c4O)C3=C2C=C1O,-1.3300000429153442,-1.0365607738494873,noname
CCCCC,-3.180000066757202,-3.180097818374634,noname
CC,-1.3600000143051147,-0.9666378498077393,noname
CC(C)CCOC=O,-5.460000038146973,-5.551130771636963,noname
N#Cc1cc(Br)c(O)c(Br)c1,-3.3299999237060547,-3.540877103805542,noname
CC(C)Nc1nc(Cl)nc(NC(C)C)n1,-6.78000020980835,-7.276932239532471,noname
c1ccc2nc(-c3ccc4ccccc4n3)ccc2c1,-1.2799999713897705,-1.0647186040878296,noname
CCNC(=S)NCC,-1.4600000381469727,-1.5826255083084106,noname
C#CC,-0.4099999964237213,0.5118582248687744,noname
CSc1ccccc1,-1.0099999904632568,-0.4646393060684204,noname
CCCCc1c(C)nc(NCC)[nH]c1=O,-3.0280001163482666,-3.4033615589141846,noname
O=C1OC(c2ccc(O)cc2)(c2ccc(O)cc2)c2ccccc21,-2.9000000953674316,-4.320372581481934,noname
CC(C)=CCCC(C)=CC=O,-2.059999942779541,-1.853324294090271,noname
CC12CCC(=O)C=C1CCC1C2C(=O)CC2(C)C1CCC2(O)C(=O)CO,-3.109999895095825,-3.3277475833892822,noname
CC12CCC(=O)C=C1CCC1C2C(O)CC2(C)C1CCC2(O)C(=O)CO,-3.0899999141693115,-3.4385459423065186,noname
Clc1ccccc1I,-3.5399999618530273,-3.5982418060302734,noname
Cc1ccc(-c2ccccc2)cc1,-4.619999885559082,-5.026956081390381,noname
OC1C(O)C(O)C(O)C(O)C1O,-1.7899999618530273,-1.378395676612854,noname
CN1CC(O)N(c2nnc(C(C)(C)C)s2)C1=O,-1.8769999742507935,-2.234421730041504,noname
C=C(C)CN(CC)c1c([N+](=O)[O-])cc(C(F)(F)F)cc1[N+](=O)[O-],-6.124000072479248,-5.840763568878174,noname
CNC(=O)Oc1cc(C(C)(C)C)cc(C(C)(C)C)c1,-1.6200000047683716,-1.166680097579956,noname
CCCCCCCO,-1.809999942779541,-1.6823954582214355,noname
CCN(CC)c1ccccc1,-3.0299999713897705,-2.8394479751586914,noname
CN(C)C(=O)Nc1ccc(-n2nc(C(C)(C)C)oc2=O)c(Cl)c1,-4.328000068664551,-4.2821879386901855,noname
Cc1cncc(C)c1,0.28999999165534973,0.7090034484863281,noname
CC12CCC(C1)C(C)(C)C2=O,0.4300000071525574,0.8450045585632324,noname
Brc1ccccc1Br,-0.8500000238418579,-0.5998822450637817,noname
CCCCOCN(C(=O)CCl)c1c(CC)cccc1CC,-4.190000057220459,-4.137810707092285,noname
OCC1OC(OC2C(CO)OC(O)C(O)C2O)C(O)C(O)C1O,-0.24400000274181366,0.6074882745742798,noname
COc1ccccc1Cl,-3.2200000286102295,-3.186030864715576,noname
O=C1NC(=O)c2ccccc21,-2.609999895095825,-2.6989121437072754,noname
CSc1nc(N(C)C)nc(N(C)C)n1,-2.6760001182556152,-2.8858492374420166,noname
O=C1NC(=O)C(=O)C(=O)N1,-1.25,-1.3173143863677979,noname
O=[N+]([O-])c1c(Cl)c(Cl)c(Cl)c(Cl)c1Cl,-5.820000171661377,-6.421298503875732,noname
CCCC=C(C=O)CC,-1.600000023841858,-1.1934828758239746,noname
Cc1ccnc2c1NC(=O)c1cccnc1N2C1CC1,-3.190000057220459,-3.899993896484375,noname
Clc1ccccc1Br,-1.440000057220459,-0.728003740310669,noname
OC(Cn1cncn1)(c1ccc(F)cc1)c1ccccc1F,-3.369999885559082,-3.5072710514068604,noname
CCC(C)C(C)=O,-3.5399999618530273,-3.8321144580841064,noname
CN1C(=O)CN=C(c2ccccc2)c2cc([N+](=O)[O-])ccc21,-3.7960000038146973,-4.369266510009766,noname
c1ccc(-c2ccccc2)cc1,-2.2799999713897705,-1.9516007900238037,noname
CCc1ccc2ccccc2c1,-4.289999961853027,-4.983544826507568,noname
ClCCBr,-1.3200000524520874,-0.9952359199523926,noname
CCCCN(CC)c1c([N+](=O)[O-])cc(C(F)(F)F)cc1[N+](=O)[O-],-4.375999927520752,-4.445004940032959,noname
C=CC#N,-2.5399999618530273,-2.694103717803955,noname
C=C(Br)CC1(C(C)CC)C(=O)NC(=O)NC1=O,-6.316999912261963,-6.468813896179199,noname
c1ccc(Nc2ccccc2)cc1,-3.503999948501587,-3.7909162044525146,noname
CCOC(=O)CCN(SN(C)C(=O)Oc1cccc2c1OC(C)(C)C2)C(C)C,-4.710000038146973,-4.844152927398682,noname
CCCCC(C)O,-0.8899999856948853,-0.5147551894187927,noname
CCCCCCC,-4.53000020980835,-4.437386989593506,noname
CCCCC(=O)CCCC,-2.5799999237060547,-1.9757314920425415,noname
Cc1cc(S(=O)(=O)c2ccccc2)ccc1NS(=O)(=O)C(F)(F)F,-3.799999952316284,-3.734022617340088,noname
Cc1c([N+](=O)[O-])cccc1[N+](=O)[O-],-3.0,-3.091301679611206,noname
Cc1c[nH]c(=O)[nH]c1=O,-1.50600004196167,-1.805331826210022,noname
CCC(C)(C)CO,-1.0399999618530273,-0.41152423620224,noname
CN(C)C(=O)Nc1cccc(OC(=O)NC(C)(C)C)c1,-2.930000066757202,-3.605544328689575,noname
Nc1cc(N2CCCCC2)nc(N)[n+]1[O-],-1.9889999628067017,-2.695596933364868,noname
CNC(=O)Oc1ccccc1C1OCCO1,-1.5700000524520874,-1.9083871841430664,noname
CCNc1nc(NC(C)C)nc(SC)n1,-3.0399999618530273,-3.9940264225006104,noname
CNC(=O)Oc1ccccc1C(C)C,-5.159999847412109,-4.885485649108887,noname
C/C=C/CCCC,-3.0799999237060547,-3.213287591934204,noname
Clc1ccc(C(c2ccc(Cl)cc2)C(Cl)Cl)cc1,-7.199999809265137,-7.100882053375244,noname
